MOVED: backend/api/unified_routes.py -> api/unified_routes.py
MOVED: backend/api/enhanced_unified_chat_routes.py -> api/enhanced_unified_chat_routes.py
MOVED: backend/api/unified_chat_routes.py -> api/unified_chat_routes.py
MOVED: backend/api/unified_health_routes.py -> api/unified_health_routes.py
MOVED (non-git): backend/api/__init__.py -> api/__init__.py
MOVED: backend/api/deployment_status_routes.py -> api/deployment_status_routes.py
MOVED: backend/api/lambda_labs_health_routes.py -> api/lambda_labs_health_routes.py
MOVED: backend/api/ai_memory_health_routes.py -> api/ai_memory_health_routes.py
MOVED: backend/fastapi_main.py -> api/main.py
MOVED: backend/presentation/__init__.py -> api/serializers/__init__.py
MOVED: backend/presentation/dto/__init__.py -> api/serializers/dto/__init__.py
MOVED: backend/presentation/api/__init__.py -> api/serializers/api/__init__.py
MOVED: backend/presentation/api/router.py -> api/serializers/api/router.py
MOVED: backend/agents/core/base_agent.py -> core/agents/base_agent.py
MOVED: backend/agents/core/langgraph_agent_base.py -> core/agents/langgraph_agent_base.py
MOVED: backend/agents/specialized/slack_analysis_agent.py -> core/use_cases/slack_analysis_agent.py
MOVED: backend/agents/specialized/asana_project_intelligence_agent.py -> core/use_cases/asana_project_intelligence_agent.py
MOVED: backend/agents/specialized/linear_project_health_agent.py -> core/use_cases/linear_project_health_agent.py
MOVED: backend/agents/specialized/sales_intelligence_agent_utils.py -> core/use_cases/sales_intelligence_agent_utils.py
MOVED: backend/agents/specialized/sales_intelligence_agent_models.py -> core/use_cases/sales_intelligence_agent_models.py
MOVED: backend/agents/specialized/interactive_sales_coach_agent.py -> core/use_cases/interactive_sales_coach_agent.py
MOVED: backend/agents/specialized/sales_intelligence_agent_core.py -> core/use_cases/sales_intelligence_agent_core.py
MOVED: backend/agents/specialized/sales_coach_agent.py -> core/use_cases/sales_coach_agent.py
MOVED: backend/agents/specialized/sales_intelligence_agent.py -> core/use_cases/sales_intelligence_agent.py
MOVED: backend/agents/specialized/snowflake_admin_agent.py -> core/use_cases/snowflake_admin_agent.py
MOVED: backend/agents/specialized/sales_intelligence_agent_handlers.py -> core/use_cases/sales_intelligence_agent_handlers.py
MOVED: backend/agents/specialized/call_analysis_agent.py -> core/use_cases/call_analysis_agent.py
MOVED: backend/agents/specialized/marketing_analysis_agent.py -> core/use_cases/marketing_analysis_agent.py
MOVED: backend/orchestration/intelligent_meta_orchestrator.py -> core/workflows/intelligent_meta_orchestrator.py
MOVED: backend/orchestration/cross_group_intelligence_hub.py -> core/workflows/cross_group_intelligence_hub.py
MOVED: backend/orchestration/continuous_learning_framework.py -> core/workflows/continuous_learning_framework.py
MOVED: backend/orchestration/unified_intent_engine.py -> core/workflows/unified_intent_engine.py
MOVED: backend/orchestration/langgraph_mcp_orchestrator.py -> core/workflows/langgraph_mcp_orchestrator.py
MOVED: backend/application/__init__.py -> core/application/__init__.py
MOVED: backend/application/use_cases/analyze_call_sentiment.py -> core/application/use_cases/analyze_call_sentiment.py
MOVED: backend/application/use_cases/__init__.py -> core/application/use_cases/__init__.py
MOVED: backend/application/use_cases/qualify_deal.py -> core/application/use_cases/qualify_deal.py
MOVED: backend/application/ports/__init__.py -> core/application/ports/__init__.py
MOVED: backend/application/ports/repositories/__init__.py -> core/application/ports/repositories/__init__.py
MOVED: backend/application/ports/repositories/call_repository.py -> core/application/ports/repositories/call_repository.py
MOVED: backend/application/ports/repositories/deal_repository.py -> core/application/ports/repositories/deal_repository.py
MOVED: backend/application/ports/repositories/contact_repository.py -> core/application/ports/repositories/contact_repository.py
MOVED: backend/application/ports/services/ai_service.py -> core/application/ports/services/ai_service.py
MOVED: backend/application/ports/services/__init__.py -> core/application/ports/services/__init__.py
MOVED: backend/services/enhanced_unified_chat_service.py -> infrastructure/services/enhanced_unified_chat_service.py
MOVED: backend/services/snowflake_intelligence_service.py -> infrastructure/services/snowflake_intelligence_service.py
MOVED: backend/services/sophia_intent_engine.py -> core/services/sophia_intent_engine.py
MOVED: backend/services/advanced_llm_service.py -> infrastructure/services/advanced_llm_service.py
MOVED: backend/services/enhanced_cortex_agent_service.py -> infrastructure/services/enhanced_cortex_agent_service.py
MOVED: backend/services/intelligent_query_router.py -> infrastructure/services/intelligent_query_router.py
MOVED: backend/services/predictive_analytics_service.py -> core/services/predictive_analytics_service.py
MOVED: backend/services/mem0_integration_service.py -> infrastructure/services/mem0_integration_service.py
MOVED: backend/services/payready_business_intelligence.py -> infrastructure/services/payready_business_intelligence.py
MOVED: backend/services/enhanced_chat_context_service.py -> infrastructure/services/enhanced_chat_context_service.py
MOVED: backend/services/enhanced_mcp_orchestration.py -> core/services/enhanced_mcp_orchestration.py
MOVED: backend/services/enhanced_knowledge_base_service.py -> infrastructure/services/enhanced_knowledge_base_service.py
MOVED: backend/services/mcp_capability_router.py -> infrastructure/services/mcp_capability_router.py
MOVED: backend/services/enhanced_portkey_llm_gateway.py -> infrastructure/services/enhanced_portkey_llm_gateway.py
MOVED: backend/services/mcp_orchestration_service.py -> infrastructure/services/mcp_orchestration_service.py
MOVED: backend/services/enhanced_cortex_service.py -> infrastructure/services/enhanced_cortex_service.py
MOVED: backend/services/foundational_knowledge_service.py -> infrastructure/services/foundational_knowledge_service.py
MOVED: backend/services/enhanced_sentiment_analyzer.py -> infrastructure/services/enhanced_sentiment_analyzer.py
MOVED: backend/services/secure_action_service.py -> infrastructure/services/secure_action_service.py
MOVED: backend/services/chimera_monitoring_service.py -> infrastructure/services/chimera_monitoring_service.py
MOVED: backend/services/unified_ai_orchestration_service.py -> infrastructure/services/unified_ai_orchestration_service.py
MOVED (non-git): backend/services/__init__.py -> core/services/__init__.py
MOVED: backend/services/knowledge_service.py -> core/services/knowledge_service.py
MOVED: backend/services/data_source_manager.py -> infrastructure/services/data_source_manager.py
MOVED: backend/services/constitutional_ai.py -> core/services/constitutional_ai.py
MOVED: backend/services/enhanced_ingestion_service.py -> infrastructure/services/enhanced_ingestion_service.py
MOVED: backend/services/unified_llm_service.py -> infrastructure/services/unified_llm_service.py
MOVED: backend/services/unified_sophia_service.py -> infrastructure/services/unified_sophia_service.py
MOVED: backend/services/sophia_ai_orchestrator.py -> infrastructure/services/sophia_ai_orchestrator.py
MOVED: backend/services/data_transformer.py -> core/services/data_transformer.py
MOVED: backend/services/gptcache_service.py -> infrastructure/services/gptcache_service.py
MOVED: backend/services/code_modification_service.py -> infrastructure/services/code_modification_service.py
MOVED: backend/services/unified_chat_service.py -> infrastructure/services/unified_chat_service.py
MOVED: backend/services/cortex_agent_service.py -> infrastructure/services/cortex_agent_service.py
MOVED: backend/services/cost_engineering_service.py -> infrastructure/services/cost_engineering_service.py
MOVED: backend/services/circuit_breaker.py -> core/services/circuit_breaker.py
MOVED: backend/services/semantic_layer_service.py -> infrastructure/services/semantic_layer_service.py
MOVED: backend/services/comprehensive_memory_service.py -> infrastructure/services/comprehensive_memory_service.py
MOVED: backend/services/enhanced_snowflake_cortex_service.py -> infrastructure/services/enhanced_snowflake_cortex_service.py
MOVED: backend/services/streaming_response_service.py -> core/services/streaming_response_service.py
MOVED: backend/services/unified_service_registry.py -> infrastructure/services/unified_service_registry.py
MOVED: backend/services/enhanced_unified_intelligence_service.py -> infrastructure/services/enhanced_unified_intelligence_service.py
MOVED: backend/services/advanced_ui_ux_agent_service.py -> infrastructure/services/advanced_ui_ux_agent_service.py
MOVED: backend/services/secure_credential_service.py -> infrastructure/services/secure_credential_service.py
MOVED: backend/services/ui_generation_intent_handler.py -> infrastructure/services/ui_generation_intent_handler.py
MOVED: backend/services/vector_indexing_service.py -> infrastructure/services/vector_indexing_service.py
MOVED: backend/services/federated_query_service.py -> core/services/federated_query_service.py
MOVED: backend/services/documentation_loader_service.py -> infrastructure/services/documentation_loader_service.py
MOVED: backend/services/event_driven_ingestion_service.py -> infrastructure/services/event_driven_ingestion_service.py
MOVED: backend/services/migration_orchestrator_client.py -> infrastructure/services/migration_orchestrator_client.py
MOVED: backend/services/dynamic_orchestration_service.py -> infrastructure/services/dynamic_orchestration_service.py
MOVED: backend/services/memory_preservation_service.py -> infrastructure/services/memory_preservation_service.py
MOVED: backend/services/predictive_automation_service.py -> infrastructure/services/predictive_automation_service.py
MOVED: backend/services/sophia_agent_orchestrator.py -> infrastructure/services/sophia_agent_orchestrator.py
MOVED: backend/services/unified_intelligence_service.py -> infrastructure/services/unified_intelligence_service.py
MOVED: backend/services/analytics_service.py -> core/services/analytics_service.py
MOVED: backend/services/llm_gateway/portkey_integration.py -> infrastructure/services/llm_gateway/portkey_integration.py
MOVED: backend/services/llm_gateway/openrouter_integration.py -> infrastructure/services/llm_gateway/openrouter_integration.py
MOVED: backend/services/llm_gateway/snowflake_cortex_enhanced.py -> infrastructure/services/llm_gateway/snowflake_cortex_enhanced.py
MOVED: backend/services/chat/context_manager.py -> infrastructure/services/chat/context_manager.py
MOVED: backend/services/chat/session_manager.py -> infrastructure/services/chat/session_manager.py
MOVED: backend/services/chat/__init__.py -> core/services/chat/__init__.py
MOVED: backend/services/chat/base_chat_service.py -> infrastructure/services/chat/base_chat_service.py
MOVED: backend/services/infrastructure_chat/sophia_infrastructure_chat.py -> infrastructure/services/infrastructure_chat/sophia_infrastructure_chat.py
MOVED: backend/services/snowflake/connection_pool_manager.py -> infrastructure/services/snowflake/connection_pool_manager.py
MOVED: backend/workflows/multi_agent_workflow.py -> core/workflows/multi_agent_workflow.py
MOVED: backend/workflows/enhanced_langgraph_orchestration.py -> core/workflows/enhanced_langgraph_orchestration.py
MOVED: backend/workflows/langgraph_agent_orchestration.py -> core/workflows/langgraph_agent_orchestration.py
MOVED: backend/models/chat_models.py -> domain/models/chat_models.py
MOVED: backend/models/orchestration_models.py -> domain/models/orchestration_models.py
MOVED: backend/models/conversation.py -> domain/models/conversation.py
MOVED (non-git): backend/models/__init__.py -> domain/models/__init__.py
MOVED: backend/models/project.py -> domain/models/project.py
MOVED (non-git): backend/domain/__init__.py -> domain/__init__.py
MOVED: backend/domain/value_objects/sentiment.py -> domain/value_objects/sentiment.py
MOVED: backend/domain/value_objects/call_participant.py -> domain/value_objects/call_participant.py
MOVED (non-git): backend/domain/value_objects/__init__.py -> domain/value_objects/__init__.py
MOVED: backend/domain/value_objects/money.py -> domain/value_objects/money.py
MOVED: backend/domain/entities/user.py -> domain/entities/user.py
MOVED (non-git): backend/domain/entities/__init__.py -> domain/entities/__init__.py
MOVED: backend/domain/entities/deal.py -> domain/entities/deal.py
MOVED: backend/domain/entities/call.py -> domain/entities/call.py
MOVED: backend/domain/entities/contact.py -> domain/entities/contact.py
MOVED: backend/integrations/gong_api_client.py -> infrastructure/integrations/gong_api_client.py
MOVED: backend/integrations/gong_webhook_processor.py -> infrastructure/integrations/gong_webhook_processor.py
MOVED: backend/integrations/enhanced_microsoft_gong_integration.py -> infrastructure/integrations/enhanced_microsoft_gong_integration.py
MOVED: backend/integrations/gong_webhook_server.py -> infrastructure/integrations/gong_webhook_server.py
MOVED: backend/integrations/gong_redis_client.py -> infrastructure/integrations/gong_redis_client.py
MOVED: backend/integrations/advanced_estuary_flow_manager.py -> infrastructure/integrations/advanced_estuary_flow_manager.py
MOVED: backend/integrations/estuary_flow_manager.py -> infrastructure/integrations/estuary_flow_manager.py
MOVED: backend/integrations/gong_snowflake_client.py -> infrastructure/integrations/gong_snowflake_client.py
MOVED: backend/integrations/gong_api_client_enhanced.py -> infrastructure/integrations/gong_api_client_enhanced.py
MOVED: backend/mcp_servers/mcp_registry.py -> infrastructure/mcp_servers/mcp_registry.py
MOVED: backend/mcp_servers/sophia_mcp_base.py -> infrastructure/mcp_servers/sophia_mcp_base.py
MOVED: backend/mcp_servers/optimized_network.py -> infrastructure/mcp_servers/optimized_network.py
MOVED: backend/mcp_servers/server.py -> infrastructure/mcp_servers/server.py
MOVED: backend/mcp_servers/mcp_auth.py -> infrastructure/mcp_servers/mcp_auth.py
MOVED: backend/mcp_servers/snowflake_admin_mcp_server.py -> infrastructure/mcp_servers/snowflake_admin_mcp_server.py
MOVED (non-git): backend/mcp_servers/__init__.py -> infrastructure/mcp_servers/__init__.py
MOVED: backend/mcp_servers/costar_mcp_server.py -> infrastructure/mcp_servers/costar_mcp_server.py
MOVED: backend/mcp_servers/mcp_health.py -> infrastructure/mcp_servers/mcp_health.py
MOVED: backend/mcp_servers/mcp_client.py -> infrastructure/mcp_servers/mcp_client.py
MOVED: backend/mcp_servers/ai_memory_auto_discovery.py -> infrastructure/mcp_servers/ai_memory_auto_discovery.py
MOVED: backend/mcp_servers/mixins/__init__.py -> infrastructure/mcp_servers/mixins/__init__.py
MOVED: backend/mcp_servers/mixins/cline_v3_18_features.py -> infrastructure/mcp_servers/mixins/cline_v3_18_features.py
MOVED: backend/mcp_servers/framework/__init__.py -> infrastructure/mcp_servers/framework/__init__.py
MOVED: backend/mcp_servers/cortex_aisql/cortex_mcp_server.py -> infrastructure/mcp_servers/cortex_aisql/cortex_mcp_server.py
MOVED: backend/mcp_servers/ai_memory/server.py -> infrastructure/mcp_servers/ai_memory/server.py
MOVED: backend/mcp_servers/ai_memory/ai_memory_models.py -> infrastructure/mcp_servers/ai_memory/ai_memory_models.py
MOVED: backend/mcp_servers/ai_memory/ai_memory_handlers.py -> infrastructure/mcp_servers/ai_memory/ai_memory_handlers.py
MOVED: backend/mcp_servers/ai_memory/__init__.py -> infrastructure/mcp_servers/ai_memory/__init__.py
MOVED: backend/mcp_servers/ai_memory/core/config.py -> infrastructure/mcp_servers/ai_memory/core/config.py
MOVED: backend/mcp_servers/ai_memory/core/models.py -> infrastructure/mcp_servers/ai_memory/core/models.py
MOVED: backend/mcp_servers/ai_memory/core/__init__.py -> infrastructure/mcp_servers/ai_memory/core/__init__.py
MOVED: backend/mcp_servers/ai_memory/core/exceptions.py -> infrastructure/mcp_servers/ai_memory/core/exceptions.py
MOVED: backend/mcp_servers/ai_memory/core/performance.py -> infrastructure/mcp_servers/ai_memory/core/performance.py
MOVED: backend/mcp_servers/ai_memory/utils/monitoring.py -> infrastructure/mcp_servers/ai_memory/utils/monitoring.py
MOVED: backend/mcp_servers/ai_memory/utils/__init__.py -> infrastructure/mcp_servers/ai_memory/utils/__init__.py
MOVED: backend/mcp_servers/ai_memory/utils/validation.py -> infrastructure/mcp_servers/ai_memory/utils/validation.py
MOVED: backend/mcp_servers/ai_memory/handlers/search_handlers.py -> infrastructure/mcp_servers/ai_memory/handlers/search_handlers.py
MOVED: backend/mcp_servers/ai_memory/handlers/__init__.py -> infrastructure/mcp_servers/ai_memory/handlers/__init__.py
MOVED: backend/mcp_servers/ai_memory/handlers/memory_handlers.py -> infrastructure/mcp_servers/ai_memory/handlers/memory_handlers.py
MOVED: backend/mcp_servers/base/standardized_mcp_server.py -> infrastructure/mcp_servers/base/standardized_mcp_server.py
MOVED: backend/mcp_servers/base/__init__.py -> infrastructure/mcp_servers/base/__init__.py
MOVED: backend/mcp_servers/base/enhanced_standardized_mcp_server.py -> infrastructure/mcp_servers/base/enhanced_standardized_mcp_server.py
MOVED: backend/mcp_servers/base/unified_mcp_base.py -> infrastructure/mcp_servers/base/unified_mcp_base.py
MOVED: backend/mcp_servers/ai_code_quality/__init__.py -> infrastructure/mcp_servers/ai_code_quality/__init__.py
MOVED: backend/etl/enhanced_unified_data_pipeline.py -> infrastructure/etl/enhanced_unified_data_pipeline.py
MOVED: backend/etl/enhanced_ingestion_service.py -> infrastructure/etl/enhanced_ingestion_service.py
MOVED: backend/etl/estuary_flow_orchestrator.py -> infrastructure/etl/estuary_flow_orchestrator.py
MOVED: backend/etl/gong_api_extractor_clean.py -> infrastructure/etl/gong_api_extractor_clean.py
MOVED: backend/etl/gong/ingest_gong_data.py -> infrastructure/etl/gong/ingest_gong_data.py
MOVED: backend/etl/estuary/estuary_configuration_manager.py -> infrastructure/etl/estuary/estuary_configuration_manager.py
MOVED: backend/monitoring/mcp_health_monitor.py -> infrastructure/monitoring/mcp_health_monitor.py
MOVED: backend/monitoring/quality_rules.py -> infrastructure/monitoring/quality_rules.py
MOVED: backend/monitoring/security_metrics_exporter.py -> infrastructure/monitoring/security_metrics_exporter.py
MOVED: backend/monitoring/deployment_tracker.py -> infrastructure/monitoring/deployment_tracker.py
MOVED (non-git): backend/monitoring/__init__.py -> infrastructure/monitoring/__init__.py
MOVED: backend/monitoring/llm_metrics.py -> infrastructure/monitoring/llm_metrics.py
MOVED: backend/monitoring/mcp_metrics_collector.py -> infrastructure/monitoring/mcp_metrics_collector.py
MOVED: backend/monitoring/gong_data_quality.py -> infrastructure/monitoring/gong_data_quality.py
MOVED: backend/monitoring/prometheus_config.py -> infrastructure/monitoring/prometheus_config.py
MOVED: backend/security/secret_management.py -> infrastructure/security/secret_management.py
MOVED: backend/security/audit_logger.py -> infrastructure/security/audit_logger.py
MOVED: backend/security/rbac/service.py -> infrastructure/security/rbac/service.py
MOVED: backend/security/rbac/models.py -> infrastructure/security/rbac/models.py
MOVED: backend/security/rbac/__init__.py -> infrastructure/security/rbac/__init__.py
MOVED: backend/security/rbac/dependencies.py -> infrastructure/security/rbac/dependencies.py
MOVED: backend/security/rbac/routes.py -> infrastructure/security/rbac/routes.py
MOVED: backend/security/ephemeral_credentials/service.py -> infrastructure/security/ephemeral_credentials/service.py
MOVED: backend/security/ephemeral_credentials/models.py -> infrastructure/security/ephemeral_credentials/models.py
MOVED: backend/security/ephemeral_credentials/__init__.py -> infrastructure/security/ephemeral_credentials/__init__.py
MOVED: backend/security/ephemeral_credentials/middleware.py -> infrastructure/security/ephemeral_credentials/middleware.py
MOVED: backend/security/ephemeral_credentials/routes.py -> infrastructure/security/ephemeral_credentials/routes.py
MOVED: backend/utils/optimized_snowflake_cortex_service_handlers.py -> shared/utils/optimized_snowflake_cortex_service_handlers.py
MOVED: backend/utils/auth.py -> shared/utils/auth.py
MOVED: backend/utils/snowflake_cortex_service.py -> shared/utils/snowflake_cortex_service.py
MOVED: backend/utils/optimized_snowflake_cortex_service_models.py -> shared/utils/optimized_snowflake_cortex_service_models.py
MOVED: backend/utils/snowflake_cortex_service_utils.py -> shared/utils/snowflake_cortex_service_utils.py
MOVED: backend/utils/snowflake_cortex_service_core.py -> shared/utils/snowflake_cortex_service_core.py
MOVED: backend/utils/optimized_snowflake_cortex_service_core.py -> shared/utils/optimized_snowflake_cortex_service_core.py
MOVED: backend/utils/optimized_snowflake_cortex_service_utils.py -> shared/utils/optimized_snowflake_cortex_service_utils.py
MOVED: backend/utils/optimized_snowflake_cortex_service.py -> shared/utils/optimized_snowflake_cortex_service.py
MOVED: backend/utils/snowflake_hubspot_connector.py -> shared/utils/snowflake_hubspot_connector.py
MOVED: backend/utils/snowflake_cortex_service_models.py -> shared/utils/snowflake_cortex_service_models.py
MOVED (non-git): backend/utils/__init__.py -> shared/utils/__init__.py
MOVED: backend/utils/custom_logger.py -> shared/utils/custom_logger.py
MOVED: backend/utils/enhanced_snowflake_cortex_service.py -> shared/utils/enhanced_snowflake_cortex_service.py
MOVED: backend/utils/snowflake_gong_connector.py -> shared/utils/snowflake_gong_connector.py
MOVED: backend/utils/snowflake_cortex_service_handlers.py -> shared/utils/snowflake_cortex_service_handlers.py
MOVED: backend/prompts/optimized_templates.py -> shared/prompts/optimized_templates.py
MOVED: backend/core/config.py -> shared/config.py
